{
  "Get Characters" : {
    "transaction" : "Get Characters",
    "sampleCount" : 20000,
    "errorCount" : 327,
    "errorPct" : 1.635,
    "meanResTime" : 4722.992250000024,
    "medianResTime" : 13.0,
    "minResTime" : 0.0,
    "maxResTime" : 65285.0,
    "pct1ResTime" : 18812.500000000007,
    "pct2ResTime" : 34554.95,
    "pct3ResTime" : 38788.0,
    "throughput" : 289.6577693455183,
    "receivedKBytesPerSec" : 615.9469783716164,
    "sentKBytesPerSec" : 44.24079736900227
  },
  "Delete Character" : {
    "transaction" : "Delete Character",
    "sampleCount" : 20000,
    "errorCount" : 0,
    "errorPct" : 0.0,
    "meanResTime" : 88.43270000000004,
    "medianResTime" : 7.0,
    "minResTime" : 0.0,
    "maxResTime" : 1151.0,
    "pct1ResTime" : 370.0,
    "pct2ResTime" : 422.0,
    "pct3ResTime" : 540.0,
    "throughput" : 292.6843545578271,
    "receivedKBytesPerSec" : 71.17031668447163,
    "sentKBytesPerSec" : 52.02007082961381
  },
  "Get Character" : {
    "transaction" : "Get Character",
    "sampleCount" : 20000,
    "errorCount" : 74,
    "errorPct" : 0.37,
    "meanResTime" : 310.3200500000026,
    "medianResTime" : 10.0,
    "minResTime" : 0.0,
    "maxResTime" : 36195.0,
    "pct1ResTime" : 349.0,
    "pct2ResTime" : 443.0,
    "pct3ResTime" : 10471.990000000002,
    "throughput" : 291.1674358339763,
    "receivedKBytesPerSec" : 75.36844907390558,
    "sentKBytesPerSec" : 45.326580675217286
  },
  "Total" : {
    "transaction" : "Total",
    "sampleCount" : 100000,
    "errorCount" : 401,
    "errorPct" : 0.401,
    "meanResTime" : 1059.838600000004,
    "medianResTime" : 7.0,
    "minResTime" : 0.0,
    "maxResTime" : 65285.0,
    "pct1ResTime" : 18.0,
    "pct2ResTime" : 1243.6000000000058,
    "pct3ResTime" : 38788.0,
    "throughput" : 1448.225923244026,
    "receivedKBytesPerSec" : 909.8256613187908,
    "sentKBytesPerSec" : 257.9110331055395
  },
  "Create Character" : {
    "transaction" : "Create Character",
    "sampleCount" : 20000,
    "errorCount" : 0,
    "errorPct" : 0.0,
    "meanResTime" : 92.91479999999984,
    "medianResTime" : 8.0,
    "minResTime" : 1.0,
    "maxResTime" : 4269.0,
    "pct1ResTime" : 361.0,
    "pct2ResTime" : 444.0,
    "pct3ResTime" : 670.0,
    "throughput" : 291.3880268659761,
    "receivedKBytesPerSec" : 74.55435843641185,
    "sentKBytesPerSec" : 58.61907571717878
  },
  "Modify Character" : {
    "transaction" : "Modify Character",
    "sampleCount" : 20000,
    "errorCount" : 0,
    "errorPct" : 0.0,
    "meanResTime" : 84.53319999999992,
    "medianResTime" : 7.0,
    "minResTime" : 0.0,
    "maxResTime" : 1152.0,
    "pct1ResTime" : 346.0,
    "pct2ResTime" : 418.0,
    "pct3ResTime" : 529.0,
    "throughput" : 292.6072771429826,
    "receivedKBytesPerSec" : 75.15206434434025,
    "sentKBytesPerSec" : 59.43585316966833
  }
}