{
  "Get Characters" : {
    "transaction" : "Get Characters",
    "sampleCount" : 58653,
    "errorCount" : 55599,
    "errorPct" : 94.793106,
    "meanResTime" : 14717.748759654129,
    "medianResTime" : 4050.0,
    "minResTime" : 0.0,
    "maxResTime" : 138741.0,
    "pct1ResTime" : 135435.8,
    "pct2ResTime" : 136548.95,
    "pct3ResTime" : 137969.96000000002,
    "throughput" : 236.1840409767412,
    "receivedKBytesPerSec" : 13575.729052573932,
    "sentKBytesPerSec" : 30.21359386828732
  },
  "Delete Character" : {
    "transaction" : "Delete Character",
    "sampleCount" : 50241,
    "errorCount" : 46475,
    "errorPct" : 92.50413,
    "meanResTime" : 3491.0158436336656,
    "medianResTime" : 3244.5,
    "minResTime" : 0.0,
    "maxResTime" : 132249.0,
    "pct1ResTime" : 8677.0,
    "pct2ResTime" : 30016.0,
    "pct3ResTime" : 66788.70000000004,
    "throughput" : 226.49649712827633,
    "receivedKBytesPerSec" : 112.3256788081896,
    "sentKBytesPerSec" : 35.43582006137915
  },
  "Get Character" : {
    "transaction" : "Get Character",
    "sampleCount" : 56930,
    "errorCount" : 52619,
    "errorPct" : 92.42754,
    "meanResTime" : 6091.367082381883,
    "medianResTime" : 4041.0,
    "minResTime" : 0.0,
    "maxResTime" : 132249.0,
    "pct1ResTime" : 30161.0,
    "pct2ResTime" : 64816.0,
    "pct3ResTime" : 65585.0,
    "throughput" : 255.97100823711378,
    "receivedKBytesPerSec" : 134.0444481187165,
    "sentKBytesPerSec" : 34.82971048703284
  },
  "Total" : {
    "transaction" : "Total",
    "sampleCount" : 272050,
    "errorCount" : 252812,
    "errorPct" : 92.928505,
    "meanResTime" : 6457.641021871172,
    "medianResTime" : 1891.0,
    "minResTime" : 0.0,
    "maxResTime" : 138741.0,
    "pct1ResTime" : 64814.0,
    "pct2ResTime" : 65630.0,
    "pct3ResTime" : 108057.0,
    "throughput" : 1095.4915920365954,
    "receivedKBytesPerSec" : 14030.542525424224,
    "sentKBytesPerSec" : 167.24358738010196
  },
  "Create Character" : {
    "transaction" : "Create Character",
    "sampleCount" : 54229,
    "errorCount" : 49869,
    "errorPct" : 91.96002,
    "meanResTime" : 3544.803020524089,
    "medianResTime" : 3108.0,
    "minResTime" : 0.0,
    "maxResTime" : 132250.0,
    "pct1ResTime" : 15824.800000000003,
    "pct2ResTime" : 30019.0,
    "pct3ResTime" : 33155.0,
    "throughput" : 244.20107445050368,
    "receivedKBytesPerSec" : 132.58157747014414,
    "sentKBytesPerSec" : 42.23425355579622
  },
  "Modify Character" : {
    "transaction" : "Modify Character",
    "sampleCount" : 51997,
    "errorCount" : 48250,
    "errorPct" : 92.793816,
    "meanResTime" : 3445.5130872934988,
    "medianResTime" : 3229.5,
    "minResTime" : 0.0,
    "maxResTime" : 132249.0,
    "pct1ResTime" : 9645.0,
    "pct2ResTime" : 30015.0,
    "pct3ResTime" : 65008.98,
    "throughput" : 234.28615198839313,
    "receivedKBytesPerSec" : 129.6585099920924,
    "sentKBytesPerSec" : 40.74983779253666
  }
}