{
  "Get Characters" : {
    "transaction" : "Get Characters",
    "sampleCount" : 17294,
    "errorCount" : 864,
    "errorPct" : 4.995952,
    "meanResTime" : 1225.6241471030419,
    "medianResTime" : 125.0,
    "minResTime" : 1.0,
    "maxResTime" : 32126.0,
    "pct1ResTime" : 162.0,
    "pct2ResTime" : 298.75,
    "pct3ResTime" : 29195.0,
    "throughput" : 508.3181470813003,
    "receivedKBytesPerSec" : 7405.740449194639,
    "sentKBytesPerSec" : 78.9283060409441
  },
  "Delete Character" : {
    "transaction" : "Delete Character",
    "sampleCount" : 16374,
    "errorCount" : 0,
    "errorPct" : 0.0,
    "meanResTime" : 123.77684133382179,
    "medianResTime" : 123.0,
    "minResTime" : 1.0,
    "maxResTime" : 296.0,
    "pct1ResTime" : 154.0,
    "pct2ResTime" : 161.0,
    "pct3ResTime" : 184.0,
    "throughput" : 541.557797254837,
    "receivedKBytesPerSec" : 131.68739405903753,
    "sentKBytesPerSec" : 96.2534366214652
  },
  "Get Character" : {
    "transaction" : "Get Character",
    "sampleCount" : 16662,
    "errorCount" : 26,
    "errorPct" : 0.1560437,
    "meanResTime" : 124.36232145000623,
    "medianResTime" : 122.0,
    "minResTime" : 0.0,
    "maxResTime" : 346.0,
    "pct1ResTime" : 155.0,
    "pct2ResTime" : 164.0,
    "pct3ResTime" : 219.0,
    "throughput" : 548.4890381196918,
    "receivedKBytesPerSec" : 137.65789335621173,
    "sentKBytesPerSec" : 85.70141220620185
  },
  "Total" : {
    "transaction" : "Total",
    "sampleCount" : 83289,
    "errorCount" : 905,
    "errorPct" : 1.086578,
    "meanResTime" : 352.40034098140507,
    "medianResTime" : 151.0,
    "minResTime" : 0.0,
    "maxResTime" : 32126.0,
    "pct1ResTime" : 170.0,
    "pct2ResTime" : 187.0,
    "pct3ResTime" : 29174.0,
    "throughput" : 2448.0924107930164,
    "receivedKBytesPerSec" : 7894.02052233665,
    "sentKBytesPerSec" : 436.82012052862854
  },
  "Create Character" : {
    "transaction" : "Create Character",
    "sampleCount" : 16518,
    "errorCount" : 4,
    "errorPct" : 0.024216007,
    "meanResTime" : 122.84326189611305,
    "medianResTime" : 120.0,
    "minResTime" : 1.0,
    "maxResTime" : 343.0,
    "pct1ResTime" : 153.0,
    "pct2ResTime" : 159.0,
    "pct3ResTime" : 191.0,
    "throughput" : 543.9636435487057,
    "receivedKBytesPerSec" : 139.17819786109465,
    "sentKBytesPerSec" : 109.4301861045248
  },
  "Modify Character" : {
    "transaction" : "Modify Character",
    "sampleCount" : 16441,
    "errorCount" : 11,
    "errorPct" : 0.06690591,
    "meanResTime" : 123.29882610546753,
    "medianResTime" : 121.0,
    "minResTime" : 1.0,
    "maxResTime" : 330.0,
    "pct1ResTime" : 154.0,
    "pct2ResTime" : 160.0,
    "pct3ResTime" : 183.0,
    "throughput" : 542.983585983685,
    "receivedKBytesPerSec" : 139.45769835323162,
    "sentKBytesPerSec" : 110.29354090293603
  }
}