{
  "Get Characters" : {
    "transaction" : "Get Characters",
    "sampleCount" : 100,
    "errorCount" : 0,
    "errorPct" : 0.0,
    "meanResTime" : 7.699999999999993,
    "medianResTime" : 2.0,
    "minResTime" : 1.0,
    "maxResTime" : 44.0,
    "pct1ResTime" : 39.00000000000006,
    "pct2ResTime" : 44.0,
    "pct3ResTime" : 44.0,
    "throughput" : 110.37527593818984,
    "receivedKBytesPerSec" : 35.07540873344371,
    "sentKBytesPerSec" : 17.138348509933774
  },
  "Delete Character" : {
    "transaction" : "Delete Character",
    "sampleCount" : 100,
    "errorCount" : 0,
    "errorPct" : 0.0,
    "meanResTime" : 3.260000000000001,
    "medianResTime" : 1.0,
    "minResTime" : 1.0,
    "maxResTime" : 20.0,
    "pct1ResTime" : 11.0,
    "pct2ResTime" : 16.0,
    "pct3ResTime" : 19.989999999999995,
    "throughput" : 118.90606420927467,
    "receivedKBytesPerSec" : 28.91368162901308,
    "sentKBytesPerSec" : 21.133695005945302
  },
  "Get Character" : {
    "transaction" : "Get Character",
    "sampleCount" : 100,
    "errorCount" : 0,
    "errorPct" : 0.0,
    "meanResTime" : 2.28,
    "medianResTime" : 1.0,
    "minResTime" : 0.0,
    "maxResTime" : 16.0,
    "pct1ResTime" : 6.0,
    "pct2ResTime" : 7.0,
    "pct3ResTime" : 15.929999999999964,
    "throughput" : 116.27906976744185,
    "receivedKBytesPerSec" : 29.18332122093023,
    "sentKBytesPerSec" : 18.16860465116279
  },
  "Total" : {
    "transaction" : "Total",
    "sampleCount" : 500,
    "errorCount" : 0,
    "errorPct" : 0.0,
    "meanResTime" : 3.7319999999999984,
    "medianResTime" : 2.0,
    "minResTime" : 0.0,
    "maxResTime" : 44.0,
    "pct1ResTime" : 8.900000000000034,
    "pct2ResTime" : 15.0,
    "pct3ResTime" : 44.0,
    "throughput" : 549.4505494505495,
    "receivedKBytesPerSec" : 145.56254292582418,
    "sentKBytesPerSec" : 98.1928228021978
  },
  "Create Character" : {
    "transaction" : "Create Character",
    "sampleCount" : 100,
    "errorCount" : 0,
    "errorPct" : 0.0,
    "meanResTime" : 2.860000000000001,
    "medianResTime" : 1.5,
    "minResTime" : 1.0,
    "maxResTime" : 17.0,
    "pct1ResTime" : 8.900000000000006,
    "pct2ResTime" : 12.0,
    "pct3ResTime" : 16.97999999999999,
    "throughput" : 116.82242990654206,
    "receivedKBytesPerSec" : 29.89011390186916,
    "sentKBytesPerSec" : 23.50138726635514
  },
  "Modify Character" : {
    "transaction" : "Modify Character",
    "sampleCount" : 100,
    "errorCount" : 0,
    "errorPct" : 0.0,
    "meanResTime" : 2.56,
    "medianResTime" : 2.0,
    "minResTime" : 1.0,
    "maxResTime" : 20.0,
    "pct1ResTime" : 6.0,
    "pct2ResTime" : 9.0,
    "pct3ResTime" : 19.929999999999964,
    "throughput" : 118.06375442739079,
    "receivedKBytesPerSec" : 30.32301505312869,
    "sentKBytesPerSec" : 23.981700118063756
  }
}