{
  "Get Characters" : {
    "transaction" : "Get Characters",
    "sampleCount" : 2000,
    "errorCount" : 0,
    "errorPct" : 0.0,
    "meanResTime" : 978.1525000000024,
    "medianResTime" : 222.5,
    "minResTime" : 1.0,
    "maxResTime" : 3685.0,
    "pct1ResTime" : 3286.3000000000006,
    "pct2ResTime" : 3436.8999999999996,
    "pct3ResTime" : 3601.91,
    "throughput" : 423.28042328042324,
    "receivedKBytesPerSec" : 516.5625,
    "sentKBytesPerSec" : 65.72420634920636
  },
  "Delete Character" : {
    "transaction" : "Delete Character",
    "sampleCount" : 2000,
    "errorCount" : 0,
    "errorPct" : 0.0,
    "meanResTime" : 71.89799999999997,
    "medianResTime" : 17.0,
    "minResTime" : 1.0,
    "maxResTime" : 460.0,
    "pct1ResTime" : 203.0,
    "pct2ResTime" : 209.0,
    "pct3ResTime" : 246.0,
    "throughput" : 524.2463958060289,
    "receivedKBytesPerSec" : 127.47788335517693,
    "sentKBytesPerSec" : 93.17660550458716
  },
  "Get Character" : {
    "transaction" : "Get Character",
    "sampleCount" : 2000,
    "errorCount" : 0,
    "errorPct" : 0.0,
    "meanResTime" : 98.23899999999986,
    "medianResTime" : 19.0,
    "minResTime" : 1.0,
    "maxResTime" : 502.0,
    "pct1ResTime" : 294.0,
    "pct2ResTime" : 445.0,
    "pct3ResTime" : 472.0,
    "throughput" : 456.72527974423383,
    "receivedKBytesPerSec" : 114.6273407170587,
    "sentKBytesPerSec" : 71.36332496003655
  },
  "Total" : {
    "transaction" : "Total",
    "sampleCount" : 10000,
    "errorCount" : 0,
    "errorPct" : 0.0,
    "meanResTime" : 263.5006000000005,
    "medianResTime" : 22.0,
    "minResTime" : 1.0,
    "maxResTime" : 3685.0,
    "pct1ResTime" : 401.0,
    "pct2ResTime" : 2163.899999999998,
    "pct3ResTime" : 3436.9799999999996,
    "throughput" : 2114.164904862579,
    "receivedKBytesPerSec" : 941.7398916490486,
    "sentKBytesPerSec" : 377.8243921775898
  },
  "Create Character" : {
    "transaction" : "Create Character",
    "sampleCount" : 2000,
    "errorCount" : 0,
    "errorPct" : 0.0,
    "meanResTime" : 90.94650000000004,
    "medianResTime" : 18.0,
    "minResTime" : 1.0,
    "maxResTime" : 491.0,
    "pct1ResTime" : 228.0,
    "pct2ResTime" : 400.9499999999998,
    "pct3ResTime" : 468.9200000000001,
    "throughput" : 463.1773969430292,
    "receivedKBytesPerSec" : 118.50827929597037,
    "sentKBytesPerSec" : 93.17826540064846
  },
  "Modify Character" : {
    "transaction" : "Modify Character",
    "sampleCount" : 2000,
    "errorCount" : 0,
    "errorPct" : 0.0,
    "meanResTime" : 78.26700000000007,
    "medianResTime" : 17.0,
    "minResTime" : 1.0,
    "maxResTime" : 406.0,
    "pct1ResTime" : 206.0,
    "pct2ResTime" : 233.0,
    "pct3ResTime" : 336.0,
    "throughput" : 481.9277108433735,
    "receivedKBytesPerSec" : 123.77635542168673,
    "sentKBytesPerSec" : 97.89156626506023
  }
}