{
  "Get Characters" : {
    "transaction" : "Get Characters",
    "sampleCount" : 34878,
    "errorCount" : 22387,
    "errorPct" : 64.18659,
    "meanResTime" : 6984.10069384713,
    "medianResTime" : 361.0,
    "minResTime" : 3.0,
    "maxResTime" : 113879.0,
    "pct1ResTime" : 64940.0,
    "pct2ResTime" : 65310.0,
    "pct3ResTime" : 65730.99,
    "throughput" : 300.6128095291451,
    "receivedKBytesPerSec" : 6919.4529149123455,
    "sentKBytesPerSec" : 45.27866208370323
  },
  "Delete Character" : {
    "transaction" : "Delete Character",
    "sampleCount" : 30057,
    "errorCount" : 16898,
    "errorPct" : 56.21985,
    "meanResTime" : 292.74318794290593,
    "medianResTime" : 343.0,
    "minResTime" : 3.0,
    "maxResTime" : 845.0,
    "pct1ResTime" : 393.0,
    "pct2ResTime" : 416.0,
    "pct3ResTime" : 608.0,
    "throughput" : 480.5275779376499,
    "receivedKBytesPerSec" : 116.84703799460432,
    "sentKBytesPerSec" : 85.40626873501199
  },
  "Get Character" : {
    "transaction" : "Get Character",
    "sampleCount" : 31729,
    "errorCount" : 18536,
    "errorPct" : 58.419743,
    "meanResTime" : 1583.8610734659162,
    "medianResTime" : 347.0,
    "minResTime" : 2.0,
    "maxResTime" : 65205.0,
    "pct1ResTime" : 407.0,
    "pct2ResTime" : 755.9500000000007,
    "pct3ResTime" : 64662.990000000005,
    "throughput" : 334.99799396076605,
    "receivedKBytesPerSec" : 88.12332596355871,
    "sentKBytesPerSec" : 51.99040004645565
  },
  "Total" : {
    "transaction" : "Total",
    "sampleCount" : 157652,
    "errorCount" : 91312,
    "errorPct" : 57.919975,
    "meanResTime" : 2058.38952883566,
    "medianResTime" : 356.0,
    "minResTime" : 2.0,
    "maxResTime" : 113879.0,
    "pct1ResTime" : 64976.0,
    "pct2ResTime" : 65310.0,
    "pct3ResTime" : 65730.99,
    "throughput" : 1358.7995483654104,
    "receivedKBytesPerSec" : 7189.626278975936,
    "sentKBytesPerSec" : 239.96468675661293
  },
  "Create Character" : {
    "transaction" : "Create Character",
    "sampleCount" : 30758,
    "errorCount" : 17150,
    "errorPct" : 55.75785,
    "meanResTime" : 427.1248780804974,
    "medianResTime" : 343.0,
    "minResTime" : 2.0,
    "maxResTime" : 34260.0,
    "pct1ResTime" : 396.0,
    "pct2ResTime" : 418.0,
    "pct3ResTime" : 789.9900000000016,
    "throughput" : 388.2605402676092,
    "receivedKBytesPerSec" : 100.06158679941935,
    "sentKBytesPerSec" : 78.02583982895733
  },
  "Modify Character" : {
    "transaction" : "Modify Character",
    "sampleCount" : 30230,
    "errorCount" : 16341,
    "errorPct" : 54.055573,
    "meanResTime" : 288.68491564671,
    "medianResTime" : 338.0,
    "minResTime" : 2.0,
    "maxResTime" : 15400.0,
    "pct1ResTime" : 388.90000000000146,
    "pct2ResTime" : 401.0,
    "pct3ResTime" : 461.0,
    "throughput" : 430.5838449157491,
    "receivedKBytesPerSec" : 110.58940548129105,
    "sentKBytesPerSec" : 87.46234349851156
  }
}